"Date","Number 1","Number 2","Number 3","Number 4","Number 5","Megaball","Megaplier","Jackpot"
"06/11/2021","4","68","63","56","43","13","4","20000000.0000"
"06/08/2021","54","41","9","39","22","19","3","56000000.0000"
"06/04/2021","34","4","64","30","41","8","3","45000000.0000"
"06/01/2021","63","7","33","58","11","23","2","34000000.0000"
"05/28/2021","47","14","10","70","20","15","2","22000000.0000"
"05/25/2021","31","54","34","21","14","11","3","20000000.0000"
"05/21/2021","18","6","17","9","48","8","3","515000000.0000"
"05/18/2021","3","66","61","56","5","4","2","475000000.0000"
"05/14/2021","41","18","3","68","44","3","2","430000000.0000"
"05/11/2021","20","8","7","39","36","22","3","402000000.0000"
"05/07/2021","5","21","10","19","50","10","4","370000000.0000"
"05/04/2021","4","63","32","57","27","22","3","345000000.0000"
"04/30/2021","48","49","26","8","19","5","3","319000000.0000"
"04/27/2021","41","42","15","30","22","25","4","297000000.0000"
"04/23/2021","29","4","28","30","60","25","3","277000000.0000"
"04/20/2021","43","52","49","23","6","5","3","257000000.0000"
"04/16/2021","55","27","50","28","17","25","4","240000000.0000"
"04/13/2021","15","10","68","19","45","9","4","220000000.0000"
"04/09/2021","58","27","66","26","22","12","2","201000000.0000"
"04/06/2021","19","20","32","42","1","17","3","184000000.0000"
"04/02/2021","42","53","48","10","62","19","2","168000000.0000"
"03/30/2021","11","53","47","56","37","15","3","152000000.0000"
"03/26/2021","67","46","4","37","25","15","3","137000000.0000"
"03/23/2021","55","23","35","12","38","11","2","122000000.0000"
"03/19/2021","40","69","58","14","9","8","3","105000000.0000"
"03/16/2021","69","46","52","41","10","8","2","93000000.0000"
"03/12/2021","31","2","65","24","25","18","4","79000000.0000"
"03/09/2021","33","65","58","4","46","13","2","68000000.0000"
"03/05/2021","54","10","11","27","17","20","2","55000000.0000"
"03/02/2021","8","34","4","64","13","18","2","43000000.0000"
"02/26/2021","37","11","15","64","62","5","2","30000000.0000"
"02/23/2021","9","57","7","20","5","15","3","22000000.0000"
"02/19/2021","27","53","47","50","32","4","4","20000000.0000"
"02/16/2021","1","44","66","54","36","10","3","96000000.0000"
"02/12/2021","25","27","24","5","14","14","3","82000000.0000"
"02/09/2021","18","21","40","7","31","9","4","68000000.0000"
"02/05/2021","29","14","17","28","44","2","4","54000000.0000"
"02/02/2021","67","38","37","40","13","10","2","42000000.0000"
"01/29/2021","58","59","70","44","4","3","3","25000000.0000"
"01/26/2021","49","29","67","56","66","24","3","20000000.0000"
"01/22/2021","42","26","60","50","4","24","2","1000000000.0000"
"01/19/2021","10","19","26","50","28","16","2","865000000.0000"
"01/15/2021","12","43","11","3","38","15","4","750000000.0000"
"01/12/2021","28","12","14","26","33","9","2","625000000.0000"
"01/08/2021","18","3","58","16","6","11","2","520000000.0000"
"01/05/2021","43","20","51","57","55","4","2","447000000.0000"
"01/01/2021","24","68","69","53","8","7","5","401000000.0000"
"12/29/2020","62","31","35","48","1","19","3","376000000.0000"
"12/25/2020","69","36","70","23","17","19","2","352000000.0000"
"12/22/2020","67","29","56","53","59","21","2","330000000.0000"
"12/18/2020","51","15","25","7","60","5","3","310000000.0000"
"12/15/2020","18","10","46","1","20","15","2","291000000.0000"
"12/11/2020","31","67","19","37","55","25","4","276000000.0000"
"12/08/2020","15","68","39","33","19","25","3","264000000.0000"
"12/04/2020","44","24","50","3","19","8","3","244000000.0000"
"12/01/2020","33","53","7","65","61","14","2","229000000.0000"
"11/27/2020","4","35","10","58","27","10","2","214000000.0000"
"11/24/2020","9","34","61","15","64","6","2","200000000.0000"
"11/20/2020","26","33","68","45","61","17","3","188000000.0000"
"11/17/2020","8","13","68","46","35","16","3","176000000.0000"
"11/13/2020","6","7","28","59","14","7","2","165000000.0000"
"11/10/2020","53","45","58","62","23","13","5","152000000.0000"
"11/06/2020","60","18","24","27","34","2","2","142000000.0000"
"11/03/2020","45","44","7","31","55","19","3","129000000.0000"
"10/30/2020","19","34","39","14","59","11","2","118000000.0000"
"10/27/2020","34","13","46","6","62","1","3","109000000.0000"
"10/23/2020","69","60","34","18","44","22","2","97000000.0000"
"10/20/2020","46","54","58","57","66","10","3","86000000.0000"
"10/16/2020","32","27","50","57","52","12","5","77000000.0000"
"10/13/2020","46","44","45","11","70","25","2","69000000.0000"
"10/09/2020","11","27","5","25","64","13","2","60000000.0000"
"10/06/2020","59","18","15","16","39","17","3","50000000.0000"
"10/02/2020","9","47","68","49","38","25","2","41000000.0000"
"09/29/2020","44","14","67","39","43","19","3","32000000.0000"
"09/25/2020","48","20","36","67","37","16","2","24000000.0000"
"09/22/2020","36","55","43","44","68","12","4","22000000.0000"
"09/18/2020","26","41","52","29","64","11","3","20000000.0000"
"09/15/2020","59","28","25","38","62","22","4","119000000.0000"
"09/11/2020","15","3","48","56","42","13","2","108000000.0000"
"09/08/2020","15","31","57","10","7","21","2","97000000.0000"
"09/04/2020","28","22","53","24","19","25","3","88000000.0000"
"09/01/2020","15","38","25","47","26","22","4","78000000.0000"
"08/28/2020","9","53","50","3","64","1","3","68000000.0000"
"08/25/2020","8","57","17","10","15","12","3","57000000.0000"
"08/21/2020","15","42","31","11","63","14","2","49000000.0000"
"08/18/2020","27","4","58","18","26","23","4","40000000.0000"
"08/14/2020","47","3","42","29","24","13","2","31000000.0000"
"08/11/2020","22","56","43","29","8","9","4","24000000.0000"
"08/07/2020","44","53","4","70","64","3","2","22000000.0000"
"08/04/2020","42","30","2","62","22","20","3","20000000.0000"
"07/31/2020","46","69","48","12","35","23","2","22000000.0000"
"07/28/2020","27","20","34","17","31","19","4","20000000.0000"
"07/24/2020","39","33","8","54","58","17","3","124000000.0000"
"07/21/2020","41","14","25","26","43","15","3","113000000.0000"
"07/17/2020","13","46","57","21","12","21","3","101000000.0000"
"07/14/2020","26","55","56","6","64","22","4","91000000.0000"
"07/10/2020","20","53","10","15","49","22","5","83000000.0000"
"07/07/2020","30","16","43","20","25","18","3","73000000.0000"
"07/03/2020","50","44","40","45","20","24","2","62000000.0000"
"06/30/2020","53","37","29","9","16","11","2","53000000.0000"
"06/26/2020","19","37","33","56","57","6","2","44000000.0000"
"06/23/2020","20","48","6","37","40","15","3",""
"06/19/2020","34","52","36","11","66","7","2","26000000.0000"
"06/16/2020","21","35","23","42","33","6","3","22000000.0000"
"06/12/2020","57","70","9","14","67","2","3","20000000.0000"
"06/09/2020","5","1","9","10","23","22","2","410000000.0000"
"06/05/2020","35","47","32","37","55","22","3","378000000.0000"
"06/02/2020","9","23","26","20","29","8","3","356000000.0000"
"05/29/2020","32","41","13","51","10","3","2","336000000.0000"
"05/26/2020","58","59","34","52","62","4","3","313000000.0000"
"05/22/2020","20","44","10","8","46","18","4","298000000.0000"
"05/19/2020","36","19","8","66","25","9","2","274000000.0000"
"05/15/2020","33","32","11","46","17","25","3","266000000.0000"
"05/12/2020","27","52","7","44","16","5","5","248000000.0000"
"05/08/2020","5","22","61","20","70","4","2","231000000.0000"
"05/05/2020","7","17","13","21","45","14","2","215000000.0000"
"05/01/2020","30","28","66","35","31","14","2","200000000.0000"
"04/28/2020","53","13","63","54","19","17","3","186000000.0000"
"04/24/2020","27","1","32","60","67","18","2","174000000.0000"
"04/21/2020","24","15","67","13","70","17","2","164000000.0000"
"04/17/2020","55","39","35","13","46","14","4","159000000.0000"
"04/14/2020","29","70","47","69","65","7","4","145000000.0000"
"04/10/2020","60","57","11","2","21","13","2","136000000.0000"
"04/07/2020","68","25","33","51","43","20","2","127000000.0000"
"04/03/2020","44","38","24","57","58","17","4","121000000.0000"
"03/31/2020","51","70","57","17","8","2","4","113000000.0000"
"03/27/2020","50","25","60","28","3","1","4","107000000.0000"
"03/24/2020","31","16","2","8","18","14","2","101000000.0000"
"03/20/2020","35","41","45","34","54","5","4","96000000.0000"
"03/17/2020","27","28","58","59","20","25","3","90000000.0000"
"03/13/2020","44","22","43","37","7","22","4","80000000.0000"
"03/10/2020","54","17","6","69","48","12","5","75000000.0000"
"03/06/2020","70","56","15","48","58","4","4","70000000.0000"
"03/03/2020","12","8","33","56","64","2","2","65000000.0000"
"02/28/2020","2","64","14","3","41","17","2","60000000.0000"
"02/25/2020","49","2","43","9","63","15","2","55000000.0000"
"02/21/2020","7","16","60","4","13","6","4","50000000.0000"
"02/18/2020","70","61","6","12","39","4","3","45000000.0000"
"02/14/2020","55","32","48","10","54","18","5","40000000.0000"
"02/11/2020","32","64","6","4","52","6","2","202000000.0000"
"02/07/2020","9","14","52","27","36","4","3","187000000.0000"
"02/04/2020","51","50","64","48","32","10","2","168000000.0000"
"01/31/2020","28","31","57","33","62","19","2","155000000.0000"
"01/28/2020","17","47","36","51","62","21","3","141000000.0000"
"01/24/2020","4","38","3","23","18","24","4","130000000.0000"
"01/21/2020","29","16","31","37","18","8","3","116000000.0000"
"01/17/2020","54","70","25","3","30","9","3","103000000.0000"
"01/14/2020","13","11","47","9","31","11","2","91000000.0000"
"01/10/2020","66","51","49","17","27","2","2","80000000.0000"
"01/07/2020","25","56","52","40","41","21","4","69000000.0000"
"01/03/2020","37","41","53","63","42","16","2","60000000.0000"
"12/31/2019","49","44","56","53","30","11","3","55000000.0000"
"12/27/2019","34","64","40","63","17","24","4","50000000.0000"
"12/24/2019","63","66","37","48","27","11","2","45000000.0000"
"12/20/2019","35","60","23","20","3","16","3","40000000.0000"
"12/17/2019","55","56","30","53","22","16","2","372000000.0000"
"12/13/2019","56","21","39","17","29","22","3","340000000.0000"
"12/10/2019","61","46","54","18","31","25","2","314000000.0000"
"12/06/2019","40","31","61","20","46","20","5","285000000.0000"
"12/03/2019","60","23","43","63","69","19","2","266000000.0000"
"11/29/2019","6","31","50","65","8","9","2","243000000.0000"
"11/26/2019","38","29","43","8","27","13","2","226000000.0000"
"11/22/2019","7","17","12","53","49","24","4","208000000.0000"
"11/19/2019","47","43","22","44","66","22","3","192000000.0000"
"11/15/2019","35","19","12","68","34","20","2","178000000.0000"
"11/12/2019","19","65","56","30","44","24","2","163000000.0000"
"11/08/2019","10","58","4","39","3","14","3","145000000.0000"
"11/05/2019","9","24","49","2","54","19","3","127000000.0000"
"11/01/2019","20","41","54","36","9","22","2","118000000.0000"
"10/29/2019","9","27","4","39","17","22","2","105000000.0000"
"10/25/2019","24","52","16","25","60","6","3","93000000.0000"
"10/22/2019","14","25","23","5","11","10","4","82000000.0000"
"10/18/2019","67","18","58","65","60","20","3","71000000.0000"
"10/15/2019","14","4","35","12","70","2","2","65000000.0000"
"10/11/2019","60","30","22","37","14","8","3","60000000.0000"
"10/08/2019","10","48","8","5","17","23","3","55000000.0000"
"10/04/2019","11","70","48","38","44","17","2","50000000.0000"
"10/01/2019","39","59","42","17","10","3","2","45000000.0000"
"09/27/2019","43","12","20","45","31","20","3","40000000.0000"
"09/24/2019","46","6","42","14","24","9","4","227000000.0000"
"09/20/2019","42","23","48","53","24","22","2","211000000.0000"
"09/17/2019","50","12","15","30","65","1","4","192000000.0000"
"09/13/2019","6","62","37","16","59","5","2","172000000.0000"
"09/10/2019","50","47","48","55","34","24","2","154000000.0000"
"09/06/2019","4","31","19","11","13","10","4","139000000.0000"
"09/03/2019","61","13","62","27","20","5","2","127000000.0000"
"08/30/2019","39","3","11","34","9","10","4","113000000.0000"
"08/27/2019","8","39","43","12","23","6","2","103000000.0000"
"08/23/2019","15","68","54","11","37","21","2","90000000.0000"
"08/20/2019","25","14","51","8","63","4","3","79000000.0000"
"08/16/2019","46","24","4","26","14","14","2","70000000.0000"
"08/13/2019","51","7","34","31","27","5","3","65000000.0000"
"08/09/2019","56","63","59","15","53","1","2","60000000.0000"
"08/06/2019","43","31","17","55","11","16","2","55000000.0000"
"08/02/2019","48","20","70","11","26","19","2","50000000.0000"
"07/30/2019","33","38","10","24","28","6","3","45000000.0000"
"07/26/2019","48","4","43","6","11","11","3","40000000.0000"
"07/23/2019","4","23","40","1","45","11","2","168000000.0000"
"07/19/2019","67","28","18","33","16","14","3","154000000.0000"
"07/16/2019","8","16","31","48","52","23","3","137000000.0000"
"07/12/2019","38","56","59","8","25","7","2","121000000.0000"
"07/09/2019","12","48","64","26","40","1","2","107000000.0000"
"07/05/2019","57","47","6","38","63","12","2","95000000.0000"
"07/02/2019","25","37","40","55","3","13","2","83000000.0000"
"06/28/2019","2","53","49","63","35","1","2","71000000.0000"
"06/25/2019","24","61","47","45","33","17","3","60000000.0000"
"06/21/2019","48","30","13","62","36","18","3","55000000.0000"
"06/18/2019","14","22","12","48","24","21","2","50000000.0000"
"06/14/2019","40","65","19","47","57","6","2","45000000.0000"
"06/11/2019","34","20","39","57","43","13","3","40000000.0000"
"06/07/2019","27","68","17","19","40","2","3","530000000.0000"
"06/04/2019","46","25","48","68","37","25","2","475000000.0000"
"05/31/2019","67","8","26","7","65","4","3","444000000.0000"
"05/28/2019","50","9","42","21","34","21","2","418000000.0000"
"05/24/2019","62","14","44","56","41","10","2","393000000.0000"
"05/21/2019","58","55","10","50","56","15","5","367000000.0000"
"05/17/2019","5","32","28","17","63","11","3","339000000.0000"
"05/14/2019","67","68","11","59","66","18","4","316000000.0000"
"05/10/2019","61","62","21","16","3","19","2","295000000.0000"
"05/07/2019","54","3","63","6","34","19","3","273000000.0000"
"05/03/2019","16","8","68","66","22","11","2","252000000.0000"
"04/30/2019","37","41","70","24","61","20","3","229000000.0000"
"04/26/2019","30","46","23","9","17","10","4","212000000.0000"
"04/23/2019","7","67","30","48","24","9","4","192000000.0000"
"04/19/2019","44","43","18","57","25","25","4","175000000.0000"
"04/16/2019","11","34","29","54","48","10","2","157000000.0000"
"04/12/2019","24","25","1","70","40","4","2","140000000.0000"
"04/09/2019","22","11","58","34","44","9","2","120000000.0000"
"04/05/2019","38","8","22","64","24","21","2","104000000.0000"
"04/02/2019","64","47","59","58","33","25","3","88000000.0000"
"03/29/2019","66","15","62","5","14","3","3","75000000.0000"
"03/26/2019","4","14","22","43","58","9","3","57000000.0000"
"03/22/2019","36","62","58","60","7","10","3","50000000.0000"
"03/19/2019","67","10","42","68","53","15","3","45000000.0000"
"03/15/2019","64","62","56","3","29","4","3","40000000.0000"
"03/12/2019","16","57","12","49","10","18","4","50000000.0000"
"03/08/2019","68","42","4","9","62","7","4","45000000.0000"
"03/05/2019","15","32","20","52","37","6","3","40000000.0000"
"03/01/2019","33","29","66","39","60","21","2","267000000.0000"
"02/26/2019","10","12","60","24","14","20","3","245000000.0000"
"02/22/2019","34","55","18","24","31","4","4","224000000.0000"
"02/19/2019","65","24","56","34","17","3","2","206000000.0000"
"02/15/2019","65","43","40","38","10","12","2","190000000.0000"
"02/12/2019","15","39","65","50","32","7","3","173000000.0000"
"02/08/2019","42","48","31","24","14","13","3","157000000.0000"
"02/05/2019","36","66","3","34","59","7","2","139000000.0000"
"02/01/2019","2","37","48","66","68","11","5","125000000.0000"
"01/29/2019","10","54","53","33","62","22","2","109000000.0000"
"01/25/2019","61","8","16","30","38","10","2","96000000.0000"
"01/22/2019","4","15","37","64","59","16","5","82000000.0000"
"01/18/2019","2","43","48","62","64","24","3","68000000.0000"
"01/15/2019","60","58","29","52","62","7","2","55000000.0000"
"01/11/2019","31","5","4","62","69","20","3","50000000.0000"
"01/08/2019","13","38","26","29","64","5","5","45000000.0000"
"01/04/2019","29","60","35","21","54","15","4","40000000.0000"
"01/01/2019","57","70","34","62","44","14","4","425000000.0000"
"12/28/2018","9","38","37","10","25","21","2","370000000.0000"
"12/25/2018","8","42","50","43","2","6","3","321000000.0000"
"12/21/2018","70","13","61","10","62","5","3","305000000.0000"
"12/18/2018","69","32","13","60","22","9","3","284000000.0000"
"12/14/2018","26","5","49","43","22","23","4","262000000.0000"
"12/11/2018","59","38","4","54","39","12","2","245000000.0000"
"12/07/2018","33","4","10","20","57","13","3","226000000.0000"
"12/04/2018","28","41","50","31","42","4","3","208000000.0000"
"11/30/2018","25","63","40","43","28","19","3","190000000.0000"
"11/27/2018","24","42","57","37","12","18","4","172000000.0000"
"11/23/2018","10","7","30","33","59","23","4","155000000.0000"
"11/20/2018","16","31","66","10","42","10","3","139000000.0000"
"11/16/2018","63","36","33","68","69","16","3","122000000.0000"
"11/13/2018","65","69","46","57","34","11","3","106000000.0000"
"11/09/2018","27","67","8","14","57","5","4","90000000.0000"
"11/06/2018","28","34","56","69","37","12","2","70000000.0000"
"11/02/2018","62","3","28","46","23","16","2","52000000.0000"
"10/30/2018","20","49","39","31","46","23","2","45000000.0000"
"10/26/2018","28","1","61","63","62","5","4","40000000.0000"
"10/23/2018","28","70","5","62","65","5","3","1600000000.0000"
"10/19/2018","65","53","23","15","70","7","2","1000000000.0000"
"10/16/2018","69","45","61","3","49","9","5","667000000.0000"
"10/12/2018","70","24","46","4","61","7","3","548000000.0000"
"10/09/2018","54","22","39","20","60","18","3","470000000.0000"
"10/05/2018","41","32","27","69","28","12","2","420000000.0000"
"10/02/2018","2","29","34","31","22","1","3","367000000.0000"
"09/28/2018","39","56","45","52","59","15","3","336000000.0000"
"09/25/2018","48","32","8","61","16","12","2","303000000.0000"
"09/21/2018","11","52","64","2","1","9","4","275000000.0000"
"09/18/2018","43","32","31","63","68","17","2","252000000.0000"
"09/14/2018","40","66","23","30","43","13","4","227000000.0000"
"09/11/2018","62","51","15","30","67","19","2","207000000.0000"
"09/07/2018","8","68","10","54","41","10","2","187000000.0000"
"09/04/2018","2","25","44","35","7","3","3","167000000.0000"
"08/31/2018","7","18","45","32","29","17","3","152000000.0000"
"08/28/2018","33","34","20","3","41","20","3","134000000.0000"
"08/24/2018","6","1","18","13","49","8","2","118000000.0000"
"08/21/2018","57","38","19","14","16","11","3","102000000.0000"
"08/17/2018","47","32","1","56","31","3","2","88000000.0000"
"08/14/2018","44","26","11","45","46","11","2","75000000.0000"
"08/10/2018","3","42","22","12","1","6","5","63000000.0000"
"08/07/2018","13","21","62","2","15","2","5","55000000.0000"
"08/03/2018","30","60","28","54","9","2","2","50000000.0000"
"07/31/2018","35","64","15","69","12","9","2","45000000.0000"
"07/27/2018","49","1","63","40","32","20","3","40000000.0000"
"07/24/2018","19","2","4","1","29","20","3","522000000.0000"
"07/20/2018","44","14","30","62","1","1","2","433000000.0000"
"07/17/2018","61","40","66","67","41","12","5","375000000.0000"
"07/13/2018","39","22","68","21","59","2","2","340000000.0000"
"07/10/2018","28","56","70","1","17","14","3","306000000.0000"
"07/06/2018","56","50","46","2","10","16","3","283000000.0000"
"07/03/2018","68","13","45","35","49","23","2","256000000.0000"
"06/29/2018","68","49","32","2","47","23","4","232000000.0000"
"06/26/2018","39","25","60","29","17","19","2","212000000.0000"
"06/22/2018","44","11","6","2","27","20","2","192000000.0000"
"06/19/2018","13","28","11","70","65","14","3","175000000.0000"
"06/15/2018","37","51","11","1","47","6","2","161000000.0000"
"06/12/2018","70","3","5","1","8","3","2","144000000.0000"
"06/08/2018","33","56","30","14","44","13","2","127000000.0000"
"06/05/2018","48","52","33","41","22","4","2","110000000.0000"
"06/01/2018","24","52","62","5","66","17","3","97000000.0000"
"05/29/2018","58","2","67","11","55","2","3","84000000.0000"
"05/25/2018","68","64","51","11","14","25","4","73000000.0000"
"05/22/2018","36","16","21","17","48","9","3","60000000.0000"
"05/18/2018","53","9","26","64","66","11","2","55000000.0000"
"05/15/2018","44","49","21","61","34","21","2","50000000.0000"
"05/11/2018","38","14","40","70","53","22","3","45000000.0000"
"05/08/2018","64","67","39","8","15","13","2","40000000.0000"
"05/04/2018","10","4","12","18","5","21","4","143000000.0000"
"05/01/2018","55","70","2","20","7","1","4","126000000.0000"
"04/27/2018","38","2","63","66","29","11","2","111000000.0000"
"04/24/2018","48","32","3","19","31","10","3","96000000.0000"
"04/20/2018","32","45","1","18","15","4","2","80000000.0000"
"04/17/2018","47","44","34","65","12","22","4","67000000.0000"
"04/13/2018","8","9","42","32","59","10","4","55000000.0000"
"04/10/2018","43","31","5","13","53","20","2","50000000.0000"
"04/06/2018","33","51","67","16","54","20","4","45000000.0000"
"04/03/2018","39","4","29","62","42","14","2","40000000.0000"
"03/30/2018","59","46","28","11","31","1","3","521000000.0000"
"03/27/2018","25","56","7","43","59","13","3","458000000.0000"
"03/23/2018","59","53","23","4","8","17","3","421000000.0000"
"03/20/2018","14","38","51","70","64","9","3","377000000.0000"
"03/16/2018","26","52","33","1","13","11","3","345000000.0000"
"03/13/2018","6","30","61","60","58","17","5","318000000.0000"
"03/09/2018","18","46","17","66","7","22","4","290000000.0000"
"03/06/2018","1","4","39","35","26","22","5","265000000.0000"
"03/02/2018","60","64","28","24","42","8","4","243000000.0000"
"02/27/2018","10","38","17","21","43","23","3","222000000.0000"
"02/23/2018","13","58","11","19","7","9","4","204000000.0000"
"02/20/2018","24","43","17","19","23","14","3","185000000.0000"
"02/16/2018","38","48","58","14","53","16","3","168000000.0000"
"02/13/2018","5","46","15","49","12","1","4","153000000.0000"
"02/09/2018","28","41","34","47","46","14","3","136000000.0000"
"02/06/2018","25","14","48","17","58","25","3","120000000.0000"
"02/02/2018","17","40","4","1","14","4","3","104000000.0000"
"01/30/2018","29","57","49","42","41","24","3","89000000.0000"
"01/26/2018","27","38","43","16","10","1","4","76000000.0000"
"01/23/2018","31","30","55","6","2","7","4","63000000.0000"
"01/19/2018","49","3","23","66","17","23","3","55000000.0000"
"01/16/2018","3","29","59","23","11","18","3","50000000.0000"
"01/12/2018","46","17","33","60","18","24","4","45000000.0000"
"01/09/2018","16","29","67","31","65","23","3","40000000.0000"
"01/05/2018","70","59","30","28","39","10","3","450000000.0000"
"01/02/2018","1","42","64","47","70","22","4","361000000.0000"
"12/29/2017","28","4","10","62","18","7","2","306000000.0000"
"12/26/2017","41","12","10","38","20","25","4","277000000.0000"
"12/22/2017","30","33","42","1","20","16","4","253000000.0000"
"12/19/2017","37","39","58","28","42","2","3","223000000.0000"
"12/15/2017","4","44","57","36","12","19","4","208000000.0000"
"12/12/2017","24","25","23","27","8","9","2","191000000.0000"
"12/08/2017","46","6","60","37","70","24","2","176000000.0000"
"12/05/2017","15","42","67","14","37","22","4","160000000.0000"
"12/01/2017","41","22","59","40","16","8","4","145000000.0000"
"11/28/2017","10","47","17","51","61","5","2","132000000.0000"
"11/24/2017","16","36","54","61","64","22","3","119000000.0000"
"11/21/2017","7","3","27","50","22","3","3","106000000.0000"
"11/17/2017","26","55","70","58","3","15","4","95000000.0000"
"11/14/2017","14","1","21","22","28","19","3","82000000.0000"
"11/10/2017","6","38","42","23","58","24","2","71000000.0000"
"11/07/2017","1","68","69","60","54","11","4","59000000.0000"
"11/03/2017","69","10","61","42","22","3","2","48000000.0000"
"10/31/2017","31","53","6","28","52","12","4","40000000.0000"
"10/27/2017","51","41","27","52","17","13","5","30000000.0000"
"10/24/2017","24","64","34","56","20","6","4","25000000.0000"
"10/20/2017","63","6","73","66","23","9","2","20000000.0000"
"10/17/2017","49","70","56","31","45","11","5","15000000.0000"
"10/13/2017","31","7","26","2","18","12","2","43000000.0000"
"10/10/2017","16","7","61","62","24","2","5","36000000.0000"
"10/06/2017","33","56","21","45","36","12","5","30000000.0000"
"10/03/2017","25","18","19","12","67","7","5","25000000.0000"
"09/29/2017","62","73","74","51","25","7","5","20000000.0000"
"09/26/2017","10","66","1","75","57","4","4","15000000.0000"
"09/22/2017","63","39","54","5","66","15","5","104000000.0000"
"09/19/2017","9","61","50","28","31","10","2","94000000.0000"
"09/15/2017","38","34","18","58","24","3","4","86000000.0000"
"09/12/2017","37","65","26","54","41","3","4","76000000.0000"
"09/08/2017","4","73","14","26","5","14","3","70000000.0000"
"09/05/2017","17","59","70","11","72","1","3","61000000.0000"
"09/01/2017","64","13","4","50","31","12","5","53000000.0000"
"08/29/2017","17","73","2","13","35","3","3","45000000.0000"
"08/25/2017","65","51","38","42","17","11","5","37000000.0000"
"08/22/2017","51","24","46","35","50","7","4","25000000.0000"
"08/18/2017","31","40","1","75","34","6","3","20000000.0000"
"08/15/2017","7","20","16","73","66","7","2","15000000.0000"
"08/11/2017","56","23","58","33","53","6","5","393000000.0000"
"08/08/2017","11","17","50","52","74","14","2","350000000.0000"
"08/04/2017","25","17","71","9","63","4","5","323000000.0000"
"08/01/2017","52","20","22","57","73","7","5","303000000.0000"
"07/28/2017","4","31","6","49","52","11","3","282000000.0000"
"07/25/2017","58","5","60","26","2","6","3","262000000.0000"
"07/21/2017","18","31","50","36","74","10","4","248000000.0000"
"07/18/2017","73","51","8","23","12","6","4","232000000.0000"
"07/14/2017","73","24","12","11","32","1","4","217000000.0000"
"07/11/2017","55","74","7","24","18","10","2","202000000.0000"
"07/07/2017","60","28","9","11","2","10","5","186000000.0000"
"07/04/2017","53","16","39","71","47","15","4","172000000.0000"
"06/30/2017","10","55","51","38","64","6","5","158000000.0000"
"06/27/2017","4","57","21","45","52","14","4","145000000.0000"
"06/23/2017","20","12","66","74","53","11","2","134000000.0000"
"06/20/2017","63","41","2","49","15","3","3","123000000.0000"
"06/16/2017","18","26","44","30","22","9","5","113000000.0000"
"06/13/2017","62","51","75","68","27","8","3","101000000.0000"
"06/09/2017","33","37","16","3","28","9","5","90000000.0000"
"06/06/2017","49","75","16","3","5","5","3","80000000.0000"
"06/02/2017","72","7","57","42","69","10","3","74000000.0000"
"05/30/2017","32","37","20","5","67","5","5","65000000.0000"
"05/26/2017","56","26","28","25","37","5","3","58000000.0000"
"05/23/2017","33","6","17","60","13","14","2","50000000.0000"
"05/19/2017","5","24","4","30","1","1","3","43000000.0000"
"05/16/2017","56","35","4","72","39","11","5","36000000.0000"
"05/12/2017","42","47","28","34","41","13","4","30000000.0000"
"05/09/2017","6","45","73","69","29","11","5","25000000.0000"
"05/05/2017","47","23","53","33","4","7","4","20000000.0000"
"05/02/2017","43","42","5","58","14","1","4","15000000.0000"
"04/28/2017","18","6","13","20","31","13","4","61000000.0000"
"04/25/2017","3","50","13","40","33","2","4","52000000.0000"
"04/21/2017","1","12","32","34","13","10","2","45000000.0000"
"04/18/2017","64","29","8","43","30","6","3","37000000.0000"
"04/14/2017","73","5","10","60","55","12","5","30000000.0000"
"04/11/2017","34","38","35","49","19","8","5","25000000.0000"
"04/07/2017","43","69","33","47","30","15","5","20000000.0000"
"04/04/2017","35","24","13","34","55","9","5","15000000.0000"
"03/31/2017","32","27","58","17","24","10","3","174000000.0000"
"03/28/2017","35","30","46","37","33","10","5","162000000.0000"
"03/24/2017","37","69","61","28","5","1","5","151000000.0000"
"03/21/2017","45","4","53","75","73","7","3","140000000.0000"
"03/17/2017","58","31","11","27","60","10","4","131000000.0000"
"03/14/2017","16","59","33","28","23","13","3","119000000.0000"
"03/10/2017","38","42","70","26","58","5","5","106000000.0000"
"03/07/2017","30","68","3","53","45","11","3","94000000.0000"
"03/03/2017","48","14","26","51","39","9","5","83000000.0000"
"02/28/2017","33","69","58","45","20","4","2","73000000.0000"
"02/24/2017","68","29","12","42","33","14","3","64000000.0000"
"02/21/2017","32","75","30","21","9","9","5","55000000.0000"
"02/17/2017","67","4","75","56","58","8","5","46000000.0000"
"02/14/2017","7","11","68","60","33","15","5","38000000.0000"
"02/10/2017","32","39","51","62","75","14","5","30000000.0000"
"02/07/2017","28","37","23","71","56","12","5","25000000.0000"
"02/03/2017","3","30","6","64","29","3","5","20000000.0000"
"01/31/2017","3","27","14","72","62","4","3","15000000.0000"
"01/27/2017","61","53","54","17","37","8","3","188000000.0000"
"01/24/2017","54","67","42","63","8","11","4","177000000.0000"
"01/20/2017","41","24","7","53","9","14","3","162000000.0000"
"01/17/2017","20","54","59","31","56","3","5","150000000.0000"
"01/13/2017","74","58","10","44","75","11","3","137000000.0000"
"01/10/2017","41","11","40","59","20","15","5","126000000.0000"
"01/06/2017","10","47","54","6","44","6","5","117000000.0000"
"01/03/2017","49","16","14","23","53","12","2","105000000.0000"
"12/30/2016","6","43","33","39","21","2","2","96000000.0000"
"12/27/2016","30","2","39","28","38","11","4","85000000.0000"
"12/23/2016","60","69","39","30","21","15","5","76000000.0000"
"12/20/2016","12","48","65","1","14","2","5","67000000.0000"
"12/16/2016","1","43","36","15","8","6","5","59000000.0000"
"12/13/2016","41","34","2","26","15","14","5","51000000.0000"
"12/09/2016","47","68","19","27","67","1","5","43000000.0000"
"12/06/2016","13","34","48","53","63","12","4","35000000.0000"
"12/02/2016","49","3","51","33","35","1","2","30000000.0000"
"11/29/2016","51","33","49","59","22","8","4","25000000.0000"
"11/25/2016","69","44","75","47","49","10","3","20000000.0000"
"11/22/2016","45","69","1","66","43","7","5","15000000.0000"
"11/18/2016","31","32","49","55","58","15","5","82000000.0000"
"11/15/2016","23","57","71","9","17","6","3","73000000.0000"
"11/11/2016","40","16","53","59","47","11","5","65000000.0000"
"11/08/2016","48","74","46","53","61","12","4","54000000.0000"
"11/04/2016","29","32","10","46","44","10","3","47000000.0000"
"11/01/2016","39","19","31","24","45","13","2","40000000.0000"
"10/28/2016","38","66","7","46","57","2","5","35000000.0000"
"10/25/2016","24","49","67","9","8","13","3","30000000.0000"
"10/21/2016","44","48","12","43","66","3","4","25000000.0000"
"10/18/2016","24","7","74","28","65","1","2","20000000.0000"
"10/14/2016","64","74","27","60","7","5","3","15000000.0000"
"10/11/2016","42","45","39","48","36","3","2","49000000.0000"
"10/07/2016","42","65","37","50","24","14","2","41000000.0000"
"10/04/2016","54","30","29","66","18","1","5","35000000.0000"
"09/30/2016","50","21","57","47","30","9","5","30000000.0000"
"09/27/2016","16","53","72","14","26","4","4","25000000.0000"
"09/23/2016","8","62","5","1","25","14","3","20000000.0000"
"09/20/2016","2","62","34","22","72","2","5","15000000.0000"
"09/16/2016","40","34","13","21","28","15","3","133000000.0000"
"09/13/2016","6","17","39","15","56","15","3","122000000.0000"
"09/09/2016","43","1","34","63","44","11","4","111000000.0000"
"09/06/2016","37","69","58","75","25","8","3","101000000.0000"
"09/02/2016","28","41","22","60","46","3","3","92000000.0000"
"08/30/2016","32","51","71","41","28","11","4","84000000.0000"
"08/26/2016","41","44","31","11","10","14","2","76000000.0000"
"08/23/2016","61","7","46","2","66","1","2","69000000.0000"
"08/19/2016","73","65","22","37","45","13","5","61000000.0000"
"08/16/2016","43","2","62","63","52","6","5","52000000.0000"
"08/12/2016","41","56","4","44","69","10","4","45000000.0000"
"08/09/2016","12","20","66","44","19","1","5","38000000.0000"
"08/05/2016","5","54","28","18","74","6","4","30000000.0000"
"08/02/2016","12","70","36","3","54","12","5","25000000.0000"
"07/29/2016","31","19","11","16","48","4","5","20000000.0000"
"07/26/2016","4","36","1","54","31","9","3","15000000.0000"
"07/22/2016","8","24","25","26","30","7","4","15000000.0000"
"07/19/2016","65","34","54","66","3","4","5","25000000.0000"
"07/15/2016","58","51","16","52","56","4","2","20000000.0000"
"07/12/2016","22","8","6","46","68","4","4","15000000.0000"
"07/08/2016","20","19","55","73","8","5","2","540000000.0000"
"07/05/2016","29","64","46","53","73","10","5","454000000.0000"
"07/01/2016","49","45","20","42","41","14","2","415000000.0000"
"06/28/2016","55","17","15","20","35","7","2","390000000.0000"
"06/24/2016","54","57","63","14","11","11","5","363000000.0000"
"06/21/2016","49","50","13","6","21","10","5","333000000.0000"
"06/17/2016","59","20","23","30","44","9","5","310000000.0000"
"06/14/2016","37","52","36","38","62","6","5","293000000.0000"
"06/10/2016","34","66","67","68","61","7","5","280000000.0000"
"06/07/2016","72","65","51","25","48","4","4","260000000.0000"
"06/03/2016","32","71","54","66","65","10","3","251000000.0000"
"05/31/2016","9","41","49","31","34","8","5","235000000.0000"
"05/27/2016","41","50","70","18","68","9","3","218000000.0000"
"05/24/2016","70","50","11","51","75","15","4","203000000.0000"
"05/20/2016","26","24","19","68","40","8","2","187000000.0000"
"05/17/2016","48","27","75","17","24","6","3","174000000.0000"
"05/13/2016","66","20","54","38","21","7","4","161000000.0000"
"05/10/2016","56","74","22","46","12","4","3","150000000.0000"
"05/06/2016","32","26","14","27","36","7","4","138000000.0000"
"05/03/2016","28","36","45","33","29","15","5","128000000.0000"
"04/29/2016","5","37","74","6","55","10","5","118000000.0000"
"04/26/2016","16","14","48","17","28","2","2","108000000.0000"
"04/22/2016","19","42","60","21","2","13","5","97000000.0000"
"04/19/2016","28","9","40","57","65","2","5","89000000.0000"
"04/15/2016","37","10","34","73","9","9","5","80000000.0000"
"04/12/2016","59","7","62","63","11","3","5","72000000.0000"
"04/08/2016","38","52","71","65","31","15","3","65000000.0000"
"04/05/2016","57","53","13","45","52","10","5","57000000.0000"
"04/01/2016","41","69","25","28","33","6","2","50000000.0000"
"03/29/2016","38","40","46","33","49","15","5","43000000.0000"
"03/25/2016","35","11","12","46","4","12","2","35000000.0000"
"03/22/2016","34","6","19","70","38","5","5","30000000.0000"
"03/18/2016","73","57","59","8","5","13","5","25000000.0000"
"03/15/2016","30","26","68","18","44","7","4","20000000.0000"
"03/11/2016","71","14","54","18","48","13","4","15000000.0000"
"03/08/2016","37","66","27","69","54","5","5","157000000.0000"
"03/04/2016","26","48","73","21","33","14","4","144000000.0000"
"03/01/2016","55","33","34","29","1","6","5","135000000.0000"
"02/26/2016","74","15","19","3","62","14","4","125000000.0000"
"02/23/2016","39","53","16","32","57","10","5","114000000.0000"
"02/19/2016","27","50","41","2","75","4","4","104000000.0000"
"02/16/2016","64","31","33","9","46","4","3","94000000.0000"
"02/12/2016","68","44","1","7","73","1","3","87000000.0000"
"02/09/2016","71","56","3","46","42","13","4","80000000.0000"
"02/05/2016","23","4","75","6","55","2","3","71000000.0000"
"02/02/2016","7","25","70","51","13","9","4","63000000.0000"
"01/29/2016","28","51","20","52","49","6","2","56000000.0000"
"01/26/2016","14","27","39","50","69","2","2","48000000.0000"
"01/22/2016","56","25","46","21","40","3","5","39000000.0000"
"01/19/2016","47","2","39","17","31","9","2","30000000.0000"
"01/15/2016","53","70","41","29","54","12","2","22000000.0000"
"01/12/2016","29","15","48","31","27","15","4","15000000.0000"
"01/08/2016","51","39","11","57","75","2","5","165000000.0000"
"01/05/2016","36","57","1","48","4","13","5","145000000.0000"
"01/01/2016","18","37","39","7","38","9","5","130000000.0000"
"12/29/2015","55","20","74","25","62","7","3","117000000.0000"
"12/25/2015","15","44","25","29","51","4","4","104000000.0000"
"12/22/2015","70","21","50","11","40","15","3","94000000.0000"
"12/18/2015","28","62","6","23","24","7","5","85000000.0000"
"12/15/2015","47","25","61","51","18","5","5","74000000.0000"
"12/11/2015","14","43","69","54","20","5","4","66000000.0000"
"12/08/2015","7","17","37","73","49","15","3","57000000.0000"
"12/04/2015","61","42","73","26","47","6","5","47000000.0000"
"12/01/2015","7","25","50","5","59","12","2","39000000.0000"
"11/27/2015","59","20","39","16","56","12","3","31000000.0000"
"11/24/2015","38","19","2","30","70","8","4","25000000.0000"
"11/20/2015","12","67","29","37","9","15","2","20000000.0000"
"11/17/2015","12","18","14","61","24","10","3","15000000.0000"
"11/13/2015","17","31","18","59","35","9","5","200000000.0000"
"11/10/2015","8","45","17","71","20","4","4","180000000.0000"
"11/06/2015","50","72","35","31","10","8","3","164000000.0000"
"11/03/2015","44","16","69","29","74","12","5","144000000.0000"
"10/30/2015","17","56","53","51","41","15","5","129000000.0000"
"10/27/2015","27","9","29","74","26","4","3","117000000.0000"
"10/23/2015","25","70","45","32","37","1","5","105000000.0000"
"10/20/2015","52","35","6","38","25","4","4","93000000.0000"
"10/16/2015","48","2","61","38","68","4","3","84000000.0000"
"10/13/2015","52","38","9","7","24","1","5","75000000.0000"
"10/09/2015","8","63","75","9","21","14","4","65000000.0000"
"10/06/2015","17","63","58","66","64","13","3","55000000.0000"
"10/02/2015","4","47","29","14","31","9","2","47000000.0000"
"09/29/2015","21","62","8","61","30","9","3","39000000.0000"
"09/25/2015","51","8","38","3","64","4","5","31000000.0000"
"09/22/2015","30","38","51","28","45","8","5","25000000.0000"
"09/18/2015","17","35","34","65","51","7","3","20000000.0000"
"09/15/2015","35","56","49","7","20","9","4","15000000.0000"
"09/11/2015","31","5","50","67","11","14","2","106000000.0000"
"09/08/2015","20","36","46","41","19","7","3","95000000.0000"
"09/04/2015","21","52","17","39","57","5","5","85000000.0000"
"09/01/2015","40","54","5","35","2","13","5","74000000.0000"
"08/28/2015","40","68","13","60","35","9","4","64000000.0000"
"08/25/2015","59","44","54","63","5","1","5","55000000.0000"
"08/21/2015","21","15","13","72","41","1","5","47000000.0000"
"08/18/2015","2","39","7","53","33","9","3","39000000.0000"
"08/14/2015","52","12","15","71","20","3","4","30000000.0000"
"08/11/2015","57","29","8","68","3","8","4",""
"08/07/2015","66","53","38","1","63","10","3","20000000.0000"
"08/04/2015","51","19","44","2","57","14","2","15000000.0000"
"07/31/2015","33","32","46","28","40","10","4","25000000.0000"
"07/28/2015","75","35","68","61","8","15","5","20000000.0000"
"07/24/2015","10","62","60","26","12","13","5","15000000.0000"
"07/21/2015","74","30","20","65","62","1","5","152000000.0000"
"07/17/2015","30","6","31","41","17","15","3","140000000.0000"
"07/14/2015","35","24","72","19","30","5","3","123000000.0000"
"07/10/2015","24","27","54","45","51","8","3","106000000.0000"
"07/07/2015","6","49","16","28","15","14","3","96000000.0000"
"07/03/2015","33","50","64","71","72","9","4","84000000.0000"
"06/30/2015","43","34","17","11","50","15","4","74000000.0000"
"06/26/2015","33","12","50","47","23","3","5","64000000.0000"
"06/23/2015","38","70","56","13","6","2","5","52000000.0000"
"06/19/2015","4","52","36","68","35","8","3","44000000.0000"
"06/16/2015","56","26","67","19","8","14","2","35000000.0000"
"06/12/2015","42","40","56","62","1","2","5","26000000.0000"
"06/09/2015","17","16","6","25","36","7","5","20000000.0000"
"06/05/2015","49","7","27","41","22","10","4","15000000.0000"
"06/02/2015","2","11","22","9","23","12","4","260000000.0000"
"05/29/2015","49","38","66","20","27","2","4","233000000.0000"
"05/26/2015","72","52","69","39","1","12","4","214000000.0000"
"05/22/2015","48","15","25","14","3","8","5","194000000.0000"
"05/19/2015","65","10","21","29","12","10","5","173000000.0000"
"05/15/2015","36","11","17","21","74","15","5","159000000.0000"
"05/12/2015","44","30","14","36","33","2","5","140000000.0000"
"05/08/2015","25","21","9","66","72","7","3","126000000.0000"
"05/05/2015","21","42","62","11","71","7","5","110000000.0000"
"05/01/2015","61","66","18","17","74","3","3","96000000.0000"
"04/28/2015","63","27","58","22","55","11","5","85000000.0000"
"04/24/2015","24","67","47","25","29","4","4","74000000.0000"
"04/21/2015","35","69","41","31","33","11","5","65000000.0000"
"04/17/2015","50","18","29","41","15","5","2","55000000.0000"
"04/14/2015","68","7","71","25","3","3","5","47000000.0000"
"04/10/2015","68","6","11","32","46","9","2","39000000.0000"
"04/07/2015","22","15","26","5","64","6","4","30000000.0000"
"04/03/2015","10","74","63","36","47","2","5","25000000.0000"
"03/31/2015","26","61","41","73","8","11","5","20000000.0000"
"03/27/2015","58","17","70","36","21","3","5","15000000.0000"
"03/24/2015","23","2","45","55","32","12","2","59000000.0000"
"03/20/2015","7","54","61","75","50","7","4","51000000.0000"
"03/17/2015","44","45","11","58","27","3","5","42000000.0000"
"03/13/2015","42","45","8","30","22","3","5","33000000.0000"
"03/10/2015","73","10","30","14","19","14","5","25000000.0000"
"03/06/2015","55","73","30","48","68","5","3","20000000.0000"
"03/03/2015","11","9","44","50","42","3","4","15000000.0000"
"02/27/2015","60","53","7","64","49","4","2","127000000.0000"
"02/24/2015","23","26","66","15","45","4","3","112000000.0000"
"02/20/2015","8","2","6","66","52","13","3","100000000.0000"
"02/17/2015","50","66","45","65","6","1","5","88000000.0000"
"02/13/2015","4","74","44","20","65","14","3","74000000.0000"
"02/10/2015","42","58","71","7","53","15","2","61000000.0000"
"02/06/2015","6","68","33","17","5","13","3","49000000.0000"
"02/03/2015","25","22","69","11","58","13","5","40000000.0000"
"01/30/2015","31","45","18","39","55","6","5","32000000.0000"
"01/27/2015","44","5","57","27","26","7","3","25000000.0000"
"01/23/2015","68","72","15","32","14","8","2","20000000.0000"
"01/20/2015","63","56","35","31","59","6","5","15000000.0000"
"01/16/2015","26","32","44","58","45","11","3","270000000.0000"
"01/13/2015","20","50","12","51","25","7","5","246000000.0000"
"01/09/2015","37","56","50","49","57","8","5","221000000.0000"
"01/06/2015","20","12","27","38","75","4","3","206000000.0000"
"01/02/2015","35","15","62","74","13","12","4","188000000.0000"
"12/30/2014","63","3","67","44","7","12","4","172000000.0000"
"12/26/2014","10","20","2","38","5","14","3","156000000.0000"
"12/23/2014","31","56","66","10","4","7","3","142000000.0000"
"12/19/2014","59","58","14","68","18","4","3","125000000.0000"
"12/16/2014","68","58","41","72","73","1","5","113000000.0000"
"12/12/2014","58","46","65","31","2","7","5","102000000.0000"
"12/09/2014","45","52","49","27","51","14","5","91000000.0000"
"12/05/2014","59","5","11","51","4","5","5","80000000.0000"
"12/02/2014","49","18","13","22","62","11","5","70000000.0000"
"11/28/2014","47","26","29","8","36","10","3","61000000.0000"
"11/25/2014","29","10","47","11","56","4","2","52000000.0000"
"11/21/2014","37","63","3","12","35","15","2","43000000.0000"
"11/18/2014","53","68","39","37","75","6","2","35000000.0000"
"11/14/2014","68","62","49","3","61","15","5","26000000.0000"
"11/11/2014","28","75","23","30","25","11","5","20000000.0000"
"11/07/2014","66","35","31","41","65","5","5","15000000.0000"
"11/04/2014","15","24","41","9","39","1","4","321000000.0000"
"10/31/2014","67","11","58","36","29","15","2","284000000.0000"
"10/28/2014","3","57","60","50","58","11","5","252000000.0000"
"10/24/2014","2","55","21","28","14","3","3","224000000.0000"
"10/21/2014","41","5","35","66","37","11","5","200000000.0000"
"10/17/2014","60","31","43","56","21","12","4","180000000.0000"
"10/14/2014","46","37","64","11","68","15","3","166000000.0000"
"10/10/2014","32","59","35","2","50","3","5","150000000.0000"
"10/07/2014","46","55","29","48","16","2","3","136000000.0000"
"10/03/2014","20","58","3","34","67","6","3","120000000.0000"
"09/30/2014","61","52","54","16","3","6","5","105000000.0000"
"09/26/2014","26","35","62","17","46","9","5","93000000.0000"
"09/23/2014","43","21","24","40","25","12","5","83000000.0000"
"09/19/2014","16","34","25","29","27","2","2","72000000.0000"
"09/16/2014","73","51","53","25","45","2","2","62000000.0000"
"09/12/2014","36","18","28","33","42","7","3","52000000.0000"
"09/09/2014","70","55","25","34","71","1","4","41000000.0000"
"09/05/2014","12","24","7","20","59","7","2","33000000.0000"
"09/02/2014","72","69","8","1","54","1","3","25000000.0000"
"08/29/2014","58","73","26","3","45","12","2","20000000.0000"
"08/26/2014","31","64","60","29","51","1","5","15000000.0000"
"08/22/2014","31","34","5","74","41","3","5","180000000.0000"
"08/19/2014","71","22","67","39","56","15","4","160000000.0000"
"08/15/2014","28","19","29","16","68","9","2","144000000.0000"
"08/12/2014","63","32","53","60","68","6","4","128000000.0000"
"08/08/2014","9","70","61","16","75","7","5","115000000.0000"
"08/05/2014","53","28","45","36","25","6","5","100000000.0000"
"08/01/2014","13","34","72","37","29","6","5","87000000.0000"
"07/29/2014","2","16","43","74","8","1","4","77000000.0000"
"07/25/2014","33","29","41","68","22","12","5","67000000.0000"
"07/22/2014","31","47","22","14","18","15","3","58000000.0000"
"07/18/2014","5","59","65","8","72","3","3","50000000.0000"
"07/15/2014","40","2","17","4","36","5","2","41000000.0000"
"07/11/2014","13","9","30","35","69","10","5","32000000.0000"
"07/08/2014","48","27","25","49","14","9","5","25000000.0000"
"07/04/2014","58","33","39","16","69","2","5","20000000.0000"
"07/01/2014","9","47","38","49","22","15","3","15000000.0000"
"06/27/2014","46","64","29","15","31","10","3","33000000.0000"
"06/24/2014","65","47","24","17","13","10","4","25000000.0000"
"06/20/2014","25","1","56","29","22","3","5","20000000.0000"
"06/17/2014","24","60","14","10","47","3","4","15000000.0000"
"06/13/2014","7","46","38","49","56","1","5","66000000.0000"
"06/10/2014","74","10","24","2","26","7","5","55000000.0000"
"06/06/2014","49","37","12","72","29","9","4","45000000.0000"
"06/03/2014","62","19","66","74","28","6","3","34000000.0000"
"05/30/2014","42","10","13","43","62","2","4","26000000.0000"
"05/27/2014","1","46","58","10","6","13","2","20000000.0000"
"05/23/2014","21","70","14","38","12","15","4","15000000.0000"
"05/20/2014","40","64","63","10","69","7","2","149000000.0000"
"05/16/2014","56","14","13","16","50","11","5","136000000.0000"
"05/13/2014","46","48","37","70","74","1","2","121000000.0000"
"05/09/2014","39","10","59","28","51","14","2","105000000.0000"
"05/06/2014","18","51","48","27","20","5","3","92000000.0000"
"05/02/2014","18","1","35","26","40","13","5","81000000.0000"
"04/29/2014","61","66","43","59","7","3","3","68000000.0000"
"04/25/2014","11","66","18","20","3","9","2","59000000.0000"
"04/22/2014","18","49","2","50","19","1","3","48000000.0000"
"04/18/2014","45","18","25","38","63","9","2","38000000.0000"
"04/15/2014","39","4","70","46","47","13","3","28000000.0000"
"04/11/2014","3","44","42","47","57","8","5","20000000.0000"
"04/08/2014","35","71","36","41","60","3","3","15000000.0000"
"04/04/2014","15","10","54","1","41","9","2","30000000.0000"
"04/01/2014","68","23","74","10","75","9","5","20000000.0000"
"03/28/2014","2","9","50","3","73","12","3","15000000.0000"
"03/25/2014","19","57","51","26","73","15","3","20000000.0000"
"03/21/2014","2","23","30","35","53","10","5","15000000.0000"
"03/18/2014","51","24","11","33","19","7","3","400000000.0000"
"03/14/2014","7","69","54","20","40","12","3","353000000.0000"
"03/11/2014","56","14","9","69","57","10","4","309000000.0000"
"03/07/2014","51","11","69","57","13","1","4","270000000.0000"
"03/04/2014","10","35","31","45","29","10","2","240000000.0000"
"02/28/2014","50","31","59","58","3","6","4","216000000.0000"
"02/25/2014","66","35","18","12","25","15","5","195000000.0000"
"02/21/2014","45","23","46","29","32","15","5","172000000.0000"
"02/18/2014","70","31","29","23","37","14","5","154000000.0000"
"02/14/2014","20","35","28","71","72","7","3","139000000.0000"
"02/11/2014","67","64","43","71","73","4","2","122000000.0000"
"02/07/2014","64","35","11","23","21","10","3","107000000.0000"
"02/04/2014","60","25","73","44","49","9","3","94000000.0000"
"01/31/2014","9","13","47","3","52","8","4","84000000.0000"
"01/28/2014","16","53","60","28","7","2","3","71000000.0000"
"01/24/2014","46","65","45","47","22","10","5","62000000.0000"
"01/21/2014","45","33","8","52","23","4","4","51000000.0000"
"01/17/2014","1","10","31","26","51","11","4","41000000.0000"
"01/14/2014","4","69","23","26","62","13","3","30000000.0000"
"01/10/2014","8","37","36","57","28","8","3","20000000.0000"
"01/07/2014","13","34","64","62","56","6","5","15000000.0000"
"01/03/2014","25","70","24","22","40","5","5","61000000.0000"
"12/31/2013","58","12","8","52","34","8","3","47000000.0000"
"12/27/2013","4","48","15","49","35","11","5","35000000.0000"
"12/24/2013","73","53","58","34","23","2","3","22000000.0000"
"12/20/2013","49","3","31","4","57","6","2","15000000.0000"
"12/17/2013","8","20","14","17","39","7","4","636000000.0000"
"12/13/2013","27","26","24","19","70","12","2","425000000.0000"
"12/10/2013","65","22","41","5","12","13","2","344000000.0000"
"12/06/2013","64","11","44","63","29","3","3","297000000.0000"
"12/03/2013","12","41","7","44","59","3","3","257000000.0000"
"11/29/2013","41","9","43","57","47","5","4","230000000.0000"
"11/26/2013","74","59","27","44","75","3","5","205000000.0000"
"11/22/2013","44","23","36","35","17","8","3","181000000.0000"
"11/19/2013","14","63","49","29","15","2","3","165000000.0000"
"11/15/2013","54","63","49","44","25","8","4","149000000.0000"
"11/12/2013","20","71","32","42","30","15","5","132000000.0000"
"11/08/2013","41","42","65","51","57","7","2","115000000.0000"
"11/05/2013","74","11","2","64","42","2","5","99000000.0000"
"11/01/2013","49","35","32","62","67","1","5","87000000.0000"
"10/29/2013","54","53","33","50","20","7","3","75000000.0000"
"10/25/2013","45","16","60","54","6","15","2","65000000.0000"
"10/22/2013","3","2","19","71","52","14","5","55000000.0000"
"10/18/2013","5","45","20","56","48","1","4","37000000.0000"
"10/15/2013","4","43","30","23","50","11","4","29000000.0000"
"10/11/2013","48","45","37","3","27","46","4","22000000.0000"
"10/08/2013","19","23","15","6","40","5","3","14000000.0000"
"10/04/2013","25","44","4","16","24","5","3","12000000.0000"
"10/01/2013","53","30","10","37","7","1","3","189000000.0000"
"09/27/2013","27","23","49","51","9","38","2","173000000.0000"
"09/24/2013","4","39","32","11","40","33","3","160000000.0000"
"09/20/2013","15","20","21","1","47","34","2","145000000.0000"
"09/17/2013","15","6","39","27","31","25","2","130000000.0000"
"09/13/2013","48","9","28","54","22","8","4","119000000.0000"
"09/10/2013","12","2","54","56","18","1","3","106000000.0000"
"09/06/2013","2","17","41","16","22","31","4","95000000.0000"
"09/03/2013","28","4","41","14","13","28","3","85000000.0000"
"08/30/2013","6","43","24","44","19","33","2","77000000.0000"
"08/27/2013","7","4","36","38","30","38","4","69000000.0000"
"08/23/2013","1","53","17","20","9","14","4","60000000.0000"
"08/20/2013","13","35","38","28","41","33","3","51000000.0000"
"08/16/2013","13","26","46","7","36","37","4","43000000.0000"
"08/13/2013","2","41","37","31","32","40","4","36000000.0000"
"08/09/2013","34","11","38","30","20","12","3","28000000.0000"
"08/06/2013","11","51","55","1","16","41","3","20000000.0000"
"08/02/2013","39","8","21","23","25","4","2","13000000.0000"
"07/30/2013","25","27","44","42","36","39","3","12000000.0000"
"07/26/2013","22","4","27","23","38","42","4","19000000.0000"
"07/23/2013","51","32","25","50","35","46","3","13000000.0000"
"07/19/2013","16","24","39","20","42","46","3","12000000.0000"
"07/16/2013","14","53","21","40","10","20","2","20000000.0000"
"07/12/2013","5","27","51","25","4","10","3","13000000.0000"
"07/09/2013","21","43","3","48","45","14","2","12000000.0000"
"07/05/2013","23","41","47","54","2","42","4","79000000.0000"
"07/02/2013","52","53","42","36","51","40","4","70000000.0000"
"06/28/2013","8","52","46","35","15","38","4","61000000.0000"
"06/25/2013","3","5","28","33","51","16","2","52000000.0000"
"06/21/2013","3","50","40","17","14","3","3","44000000.0000"
"06/18/2013","6","17","34","48","40","30","2","36000000.0000"
"06/14/2013","2","34","5","31","33","20","4","29000000.0000"
"06/11/2013","45","40","15","50","53","28","4","21000000.0000"
"06/07/2013","37","1","55","48","10","21","4","14000000.0000"
"06/04/2013","11","20","55","10","12","19","3","12000000.0000"
"05/31/2013","44","26","20","46","2","26","3","30000000.0000"
"05/28/2013","25","4","32","54","12","36","4","23000000.0000"
"05/24/2013","4","16","5","53","18","28","4","15000000.0000"
"05/21/2013","55","15","48","2","17","11","4","12000000.0000"
"05/17/2013","35","11","49","43","15","41","4","190000000.0000"
"05/14/2013","12","32","6","28","10","38","4","170000000.0000"
"05/10/2013","20","49","1","39","19","28","4","154000000.0000"
"05/07/2013","1","20","13","51","6","31","4","139000000.0000"
"05/03/2013","54","2","42","34","20","39","2","126000000.0000"
"04/30/2013","49","39","21","34","30","43","3","114000000.0000"
"04/26/2013","17","54","42","55","49","31","4","103000000.0000"
"04/23/2013","21","50","22","9","32","10","3","92000000.0000"
"04/19/2013","8","6","22","43","12","28","4","83000000.0000"
"04/16/2013","2","39","18","15","5","42","2","74000000.0000"
"04/12/2013","10","21","13","19","1","28","3","66000000.0000"
"04/09/2013","54","17","30","41","48","13","4","56000000.0000"
"04/05/2013","23","36","15","8","41","5","3","50000000.0000"
"04/02/2013","47","10","40","14","7","34","4","42000000.0000"
"03/29/2013","25","31","46","53","36","21","4","34000000.0000"
"03/26/2013","51","33","49","46","20","46","4","26000000.0000"
"03/22/2013","14","41","34","37","27","38","4","20000000.0000"
"03/19/2013","3","37","6","21","14","35","3","13000000.0000"
"03/15/2013","8","22","4","32","17","8","2","12000000.0000"
"03/12/2013","9","12","19","30","20","39","4","41000000.0000"
"03/08/2013","25","11","4","35","34","44","4","33000000.0000"
"03/05/2013","46","39","20","6","41","42","3","26000000.0000"
"03/01/2013","51","43","30","17","38","20","4","19000000.0000"
"02/26/2013","6","7","13","43","15","7","4","13000000.0000"
"02/22/2013","13","38","9","49","24","30","3","12000000.0000"
"02/19/2013","15","30","1","19","56","28","3","26000000.0000"
"02/15/2013","11","42","35","44","41","42","4","20000000.0000"
"02/12/2013","9","38","55","32","22","44","3","13000000.0000"
"02/08/2013","20","39","15","50","6","5","4","12000000.0000"
"02/05/2013","44","26","10","5","2","46","4","19000000.0000"
"02/01/2013","41","1","32","30","40","17","3","13000000.0000"
"01/29/2013","27","47","12","46","8","6","3","12000000.0000"
"01/25/2013","11","17","31","48","12","1","4","89000000.0000"
"01/22/2013","16","39","7","54","11","13","3","80000000.0000"
"01/18/2013","42","49","8","18","25","14","3","70000000.0000"
"01/15/2013","19","1","41","12","6","14","4","62000000.0000"
"01/11/2013","29","56","24","34","30","1","4","55000000.0000"
"01/08/2013","3","38","20","21","42","19","4","47000000.0000"
"01/04/2013","2","23","55","25","1","39","4","39000000.0000"
"01/01/2013","11","21","4","44","25","29","4","30000000.0000"
"12/28/2012","10","41","32","13","40","32","4","25000000.0000"
"12/25/2012","2","48","3","18","34","36","4","18000000.0000"
"12/21/2012","32","18","3","41","56","19","3","12000000.0000"
"12/18/2012","7","18","29","1","6","16","3","12000000.0000"
"12/14/2012","41","28","11","33","43","41","4","35000000.0000"
"12/11/2012","44","54","39","52","51","13","4","27000000.0000"
"12/07/2012","43","7","44","51","56","4","3","20000000.0000"
"12/04/2012","19","32","3","43","24","44","4","13000000.0000"
"11/30/2012","24","31","28","11","22","46","3","12000000.0000"
"11/27/2012","42","26","12","5","49","24","4","49000000.0000"
"11/23/2012","47","37","8","44","48","27","4","41000000.0000"
"11/20/2012","9","52","13","22","38","44","4","33000000.0000"
"11/16/2012","26","5","24","53","29","36","4","26000000.0000"
"11/13/2012","12","31","6","46","56","34","2","19000000.0000"
"11/09/2012","35","18","40","33","22","11","4","13000000.0000"
"11/06/2012","35","32","3","5","13","6","3","12000000.0000"
"11/02/2012","38","18","4","44","22","24","3","32000000.0000"
"10/30/2012","29","5","12","56","18","38","4","27000000.0000"
"10/26/2012","36","4","24","40","15","44","2","21000000.0000"
"10/23/2012","42","55","17","1","46","1","2","13000000.0000"
"10/19/2012","14","48","36","34","53","42","3","12000000.0000"
"10/16/2012","37","46","52","13","40","29","4","61000000.0000"
"10/12/2012","26","24","10","6","42","15","4","53000000.0000"
"10/09/2012","22","15","6","16","37","3","4","45000000.0000"
"10/05/2012","9","16","32","8","39","15","3","36000000.0000"
"10/02/2012","55","20","11","10","42","9","4","28000000.0000"
"09/28/2012","6","14","8","56","43","28","4","21000000.0000"
"09/25/2012","50","51","23","8","7","26","3","14000000.0000"
"09/21/2012","13","55","3","14","46","34","4","12000000.0000"
"09/18/2012","9","5","22","49","36","36","3","15000000.0000"
"09/14/2012","40","21","51","16","17","20","4","12000000.0000"
"09/11/2012","20","5","33","36","11","11","3","120000000.0000"
"09/07/2012","32","42","15","46","38","31","4","105000000.0000"
"09/04/2012","41","39","53","32","16","16","3","93000000.0000"
"08/31/2012","40","47","48","31","41","45","3","83000000.0000"
"08/28/2012","9","50","40","45","4","39","4","73000000.0000"
"08/24/2012","45","34","46","25","49","34","2","65000000.0000"
"08/21/2012","5","33","13","23","20","30","2","55000000.0000"
"08/17/2012","56","35","20","24","8","24","3","45000000.0000"
"08/14/2012","15","34","39","23","55","32","4","36000000.0000"
"08/10/2012","10","38","36","44","18","8","4","29000000.0000"
"08/07/2012","48","33","30","32","42","7","4","21000000.0000"
"08/03/2012","46","38","10","2","13","2","3","13000000.0000"
"07/31/2012","21","29","5","18","41","37","3","12000000.0000"
"07/27/2012","43","8","4","2","3","26","3","52000000.0000"
"07/24/2012","46","5","51","9","38","5","4","45000000.0000"
"07/20/2012","50","2","44","48","52","3","3","37000000.0000"
"07/17/2012","21","1","49","55","13","17","4","28000000.0000"
"07/13/2012","24","13","46","6","7","34","2","21000000.0000"
"07/10/2012","36","3","11","19","23","21","4","14000000.0000"
"07/06/2012","28","35","39","23","20","21","3","12000000.0000"
"07/03/2012","52","36","24","4","3","45","4","86000000.0000"
"06/29/2012","39","34","45","28","53","34","4","75000000.0000"
"06/26/2012","36","23","3","16","35","20","4","65000000.0000"
"06/22/2012","19","32","10","36","16","13","3","55000000.0000"
"06/19/2012","53","11","30","27","21","11","2","47000000.0000"
"06/15/2012","18","8","12","30","40","4","3","39000000.0000"
"06/12/2012","9","17","50","2","34","45","4","30000000.0000"
"06/08/2012","9","4","34","48","40","25","3","22000000.0000"
"06/05/2012","37","39","55","53","42","22","3","14000000.0000"
"06/01/2012","2","52","46","38","27","45","3","12000000.0000"
"05/29/2012","2","53","55","29","14","31","3","32000000.0000"
"05/25/2012","54","15","40","21","9","11","4","24000000.0000"
"05/22/2012","14","43","35","52","10","16","2","16000000.0000"
"05/18/2012","49","34","22","11","3","1","4","12000000.0000"
"05/15/2012","10","12","14","24","11","6","4","25000000.0000"
"05/11/2012","15","35","3","29","54","8","4","16000000.0000"
"05/08/2012","2","6","8","51","18","19","3","12000000.0000"
"05/04/2012","21","4","53","42","11","38","4","118000000.0000"
"05/01/2012","45","27","52","31","24","38","4","102000000.0000"
"04/27/2012","5","47","2","46","45","37","4","88000000.0000"
"04/24/2012","38","15","3","9","37","39","4","76000000.0000"
"04/20/2012","33","26","14","35","23","40","3","65000000.0000"
"04/17/2012","32","24","48","1","16","2","4","53000000.0000"
"04/13/2012","9","17","42","36","14","33","4","42000000.0000"
"04/10/2012","48","31","6","2","12","25","4","31000000.0000"
"04/06/2012","20","19","33","2","24","39","4","20000000.0000"
"04/03/2012","38","11","35","52","41","40","4","12000000.0000"
"03/30/2012","46","23","38","4","2","23","3","640000000.0000"
"03/27/2012","19","44","34","9","51","24","3","363000000.0000"
"03/23/2012","19","17","6","20","21","20","4","290000000.0000"
"03/20/2012","6","11","14","4","1","30","4","241000000.0000"
"03/16/2012","43","51","53","29","28","7","3","200000000.0000"
"03/13/2012","30","2","8","48","36","31","3","171000000.0000"
"03/09/2012","42","9","27","10","36","11","4","148000000.0000"
"03/06/2012","31","24","20","33","36","44","4","127000000.0000"
"03/02/2012","48","29","52","54","16","5","2","108000000.0000"
"02/28/2012","51","15","39","29","6","36","3","94000000.0000"
"02/24/2012","27","1","16","25","18","3","4","83000000.0000"
"02/21/2012","9","39","42","30","47","37","3","72000000.0000"
"02/17/2012","16","25","28","32","40","3","3","61000000.0000"
"02/14/2012","3","27","5","10","26","27","2","51000000.0000"
"02/10/2012","4","50","18","3","29","20","4","41000000.0000"
"02/07/2012","37","45","17","30","23","4","4","32000000.0000"
"02/03/2012","7","49","19","21","53","35","4","23000000.0000"
"01/31/2012","9","18","28","43","17","9","3","15000000.0000"
"01/27/2012","5","3","30","36","48","23","4","12000000.0000"
"01/24/2012","10","49","22","36","24","33","4","71000000.0000"
"01/20/2012","38","47","28","9","1","8","2","60000000.0000"
"01/17/2012","15","53","31","3","36","27","2","50000000.0000"
"01/13/2012","10","27","28","51","37","19","3","42000000.0000"
"01/10/2012","10","48","38","4","16","34","3","33000000.0000"
"01/06/2012","34","28","9","48","17","46","2","25000000.0000"
"01/03/2012","15","36","2","3","22","23","2","15000000.0000"
"12/30/2011","45","24","52","4","46","1","4","12000000.0000"
"12/27/2011","32","43","23","33","39","8","3","206000000.0000"
"12/23/2011","8","3","5","29","18","14","4","173000000.0000"
"12/20/2011","24","45","51","27","20","31","4","152000000.0000"
"12/16/2011","2","4","39","36","26","27","3","135000000.0000"
"12/13/2011","6","41","26","22","5","6","4","116000000.0000"
"12/09/2011","12","29","49","4","51","44","4","100000000.0000"
"12/06/2011","7","49","21","35","29","39","4","87000000.0000"
"12/02/2011","48","24","51","56","30","45","4","75000000.0000"
"11/29/2011","52","48","29","43","17","36","4","64000000.0000"
"11/25/2011","28","42","22","54","49","43","3","55000000.0000"
"11/22/2011","33","23","4","48","16","38","2","47000000.0000"
"11/18/2011","55","33","4","13","39","3","4","40000000.0000"
"11/15/2011","6","24","33","30","3","21","4","30000000.0000"
"11/11/2011","29","16","50","2","22","27","4","22000000.0000"
"11/08/2011","31","45","54","47","5","4","4","15000000.0000"
"11/04/2011","30","33","26","44","32","1","4","12000000.0000"
"11/01/2011","39","31","46","40","27","36","3","78000000.0000"
"10/28/2011","52","56","49","31","13","41","4","67000000.0000"
"10/25/2011","44","40","46","13","33","8","4","57000000.0000"
"10/21/2011","6","37","35","38","21","17","3","48000000.0000"
"10/18/2011","24","53","25","47","45","42","2","39000000.0000"
"10/14/2011","42","54","45","35","13","26","4","30000000.0000"
"10/11/2011","25","44","34","56","38","27","4","22000000.0000"
"10/07/2011","15","5","38","19","23","19","4","14000000.0000"
"10/04/2011","40","3","26","52","45","11","3","12000000.0000"
"09/30/2011","19","45","21","3","44","29","4","113000000.0000"
"09/27/2011","20","2","36","28","45","37","4","96000000.0000"
"09/23/2011","27","32","52","40","21","36","4","86000000.0000"
"09/20/2011","38","29","51","50","6","39","4","75000000.0000"
"09/16/2011","41","23","45","6","56","24","4","65000000.0000"
"09/13/2011","22","56","48","43","31","45","4","54000000.0000"
"09/09/2011","31","12","23","19","7","45","4","44000000.0000"
"09/06/2011","38","49","1","36","42","19","4","37000000.0000"
"09/02/2011","44","48","55","25","49","20","3","29000000.0000"
"08/30/2011","22","50","2","28","25","18","4","21000000.0000"
"08/26/2011","27","47","30","2","3","36","3","14000000.0000"
"08/23/2011","21","44","49","48","11","23","3","12000000.0000"
"08/19/2011","53","56","54","15","5","22","2","32000000.0000"
"08/16/2011","42","41","43","38","4","44","4","24000000.0000"
"08/12/2011","51","54","55","43","9","13","4","16000000.0000"
"08/09/2011","19","54","45","11","39","15","4","12000000.0000"
"08/05/2011","42","24","28","6","33","19","3","99000000.0000"
"08/02/2011","17","19","14","32","20","28","4","85000000.0000"
"07/29/2011","8","22","47","10","48","35","4","74000000.0000"
"07/26/2011","52","35","55","20","25","10","3","63000000.0000"
"07/22/2011","56","31","39","32","23","38","4","53000000.0000"
"07/19/2011","2","16","9","10","35","40","4","43000000.0000"
"07/15/2011","46","56","16","30","29","6","3","33000000.0000"
"07/12/2011","11","49","44","3","9","9","4","24000000.0000"
"07/08/2011","22","2","1","37","50","45","3","16000000.0000"
"07/05/2011","46","10","13","1","18","19","2","12000000.0000"
"07/01/2011","30","12","47","35","17","26","4","105000000.0000"
"06/28/2011","47","27","12","48","17","33","4","88000000.0000"
"06/24/2011","40","49","14","10","51","4","3","76000000.0000"
"06/21/2011","46","24","25","11","31","17","3","64000000.0000"
"06/17/2011","47","46","29","12","51","24","4","53000000.0000"
"06/14/2011","53","10","20","51","9","24","4","42000000.0000"
"06/10/2011","18","27","38","37","21","7","3","33000000.0000"
"06/07/2011","32","29","35","47","52","13","4","24000000.0000"
"06/03/2011","49","41","53","20","23","31","3","15000000.0000"
"05/31/2011","28","55","31","30","37","13","3","12000000.0000"
"05/27/2011","28","7","5","56","14","10","4","35000000.0000"
"05/24/2011","12","43","9","42","21","42","3","26000000.0000"
"05/20/2011","45","17","48","10","19","30","4","16000000.0000"
"05/17/2011","1","2","25","17","48","45","4","12000000.0000"
"05/13/2011","53","47","39","3","33","9","4","27000000.0000"
"05/10/2011","40","16","11","51","34","34","4","18000000.0000"
"05/06/2011","26","37","41","6","18","9","3","12000000.0000"
"05/03/2011","36","1","16","50","29","16","2","51000000.0000"
"04/29/2011","9","51","33","11","10","29","4","40000000.0000"
"04/26/2011","19","55","32","29","38","15","3","29000000.0000"
"04/22/2011","53","3","18","51","46","17","3","19000000.0000"
"04/19/2011","20","51","32","45","24","43","4","12000000.0000"
"04/15/2011","23","22","48","39","33","29","3","72000000.0000"
"04/12/2011","45","23","10","39","41","15","2","58000000.0000"
"04/08/2011","56","45","6","40","50","11","3","44000000.0000"
"04/05/2011","20","1","31","19","36","9","2","30000000.0000"
"04/01/2011","13","35","53","14","36","19","3","19000000.0000"
"03/29/2011","38","6","23","34","15","43","4","12000000.0000"
"03/25/2011","22","54","24","31","52","4","4","312000000.0000"
"03/22/2011","14","1","53","50","35","43","4","244000000.0000"
"03/18/2011","56","14","54","34","33","37","4","201000000.0000"
"03/15/2011","10","28","12","11","43","45","4","172000000.0000"
"03/11/2011","42","14","45","19","21","6","2","151000000.0000"
"03/08/2011","41","55","19","17","3","24","4","127000000.0000"
"03/04/2011","10","8","15","23","41","7","4","105000000.0000"
"03/01/2011","19","1","12","20","47","25","3","88000000.0000"
"02/25/2011","4","19","17","5","50","7","4","76000000.0000"
"02/22/2011","15","48","23","55","22","31","4","64000000.0000"
"02/18/2011","45","30","5","6","7","42","3","52000000.0000"
"02/15/2011","17","39","35","24","18","18","4","40000000.0000"
"02/11/2011","32","8","34","17","9","13","2","30000000.0000"
"02/08/2011","47","48","35","36","25","18","2","19000000.0000"
"02/04/2011","6","29","55","48","20","6","4","12000000.0000"
"02/01/2011","16","23","35","26","22","31","4","91000000.0000"
"01/28/2011","33","48","50","49","14","18","4","77000000.0000"
"01/25/2011","8","50","31","5","46","4","4","63000000.0000"
"01/21/2011","21","35","5","9","38","20","4","51000000.0000"
"01/18/2011","38","4","27","29","45","5","4","40000000.0000"
"01/14/2011","35","33","17","2","15","8","2","30000000.0000"
"01/11/2011","45","4","16","1","11","37","4","20000000.0000"
"01/07/2011","4","46","22","42","53","20","2","12000000.0000"
"01/04/2011","15","47","4","25","8","42","4","355000000.0000"
"12/31/2010","56","13","12","35","10","9","4","242000000.0000"
"12/28/2010","36","49","18","6","40","7","4","200000000.0000"
"12/24/2010","16","15","52","40","27","16","4","168000000.0000"
"12/21/2010","8","32","31","11","12","29","4","145000000.0000"
"12/17/2010","26","46","11","20","53","12","4","123000000.0000"
"12/14/2010","18","38","25","31","22","29","3","104000000.0000"
"12/10/2010","44","46","23","33","27","36","4","88000000.0000"
"12/07/2010","53","4","45","38","54","9","4","74000000.0000"
"12/03/2010","18","56","6","12","11","12","3","62000000.0000"
"11/30/2010","16","19","53","47","11","2","4","52000000.0000"
"11/26/2010","43","9","34","5","47","8","2","42000000.0000"
"11/23/2010","2","35","6","12","34","33","4","34000000.0000"
"11/19/2010","31","54","14","51","7","35","2","25000000.0000"
"11/16/2010","26","39","46","1","27","21","3","16000000.0000"
"11/12/2010","38","35","28","26","9","10","4","12000000.0000"
"11/09/2010","53","28","26","8","33","11","4","25000000.0000"
"11/05/2010","46","19","34","25","53","15","4","16000000.0000"
"11/02/2010","54","16","1","12","3","46","2","12000000.0000"
"10/29/2010","28","19","39","26","4","14","4","140000000.0000"
"10/26/2010","32","21","31","15","30","26","4","118000000.0000"
"10/22/2010","53","18","7","2","32","18","4","101000000.0000"
"10/19/2010","42","2","9","14","37","41","4","86000000.0000"
"10/15/2010","31","10","9","50","13","10","4","72000000.0000"
"10/12/2010","36","43","31","37","10","15","4","61000000.0000"
"10/08/2010","37","29","48","24","50","19","4","51000000.0000"
"10/05/2010","10","19","44","37","24","27","4","41000000.0000"
"10/01/2010","3","52","28","8","21","43","4","32000000.0000"
"09/28/2010","38","10","2","13","36","18","3","23000000.0000"
"09/24/2010","55","28","38","2","42","25","4","16000000.0000"
"09/21/2010","43","52","47","3","20","26","4","12000000.0000"
"09/17/2010","14","27","18","4","3","13","3","54000000.0000"
"09/14/2010","55","50","6","56","14","1","4","44000000.0000"
"09/10/2010","17","11","23","12","21","20","3","34000000.0000"
"09/07/2010","8","38","18","22","24","23","4","25000000.0000"
"09/03/2010","13","28","20","36","10","9","4","16000000.0000"
"08/31/2010","20","29","10","48","47","38","3","12000000.0000"
"08/27/2010","4","10","26","32","41","31","4","133000000.0000"
"08/24/2010","28","4","23","32","24","31","3","115000000.0000"
"08/20/2010","13","4","20","48","29","36","4","100000000.0000"
"08/17/2010","40","19","11","43","44","33","4","86000000.0000"
"08/13/2010","24","6","43","55","17","36","4","75000000.0000"
"08/10/2010","2","26","50","14","56","12","2","64000000.0000"
"08/06/2010","13","30","7","54","33","30","3","53000000.0000"
"08/03/2010","22","56","13","20","4","32","2","42000000.0000"
"07/30/2010","11","40","48","52","30","42","4","33000000.0000"
"07/27/2010","10","7","16","2","29","8","4","24000000.0000"
"07/23/2010","39","16","49","19","44","26","2","16000000.0000"
"07/20/2010","28","43","12","36","18","19","3","12000000.0000"
"07/16/2010","2","18","20","39","15","34","3","64000000.0000"
"07/13/2010","14","7","11","15","34","14","3","52000000.0000"
"07/09/2010","1","31","33","34","50","41","4","43000000.0000"
"07/06/2010","8","18","45","47","50","36","2","34000000.0000"
"07/02/2010","12","36","1","32","10","25","4","25000000.0000"
"06/29/2010","15","27","37","3","4","35","3","16000000.0000"
"06/25/2010","1","2","27","19","13","21","4","12000000.0000"
"06/22/2010","23","21","17","12","30","24","4","26000000.0000"
"06/18/2010","55","37","36","41","11","7","4","17000000.0000"
"06/15/2010","21","12","13","4","27","46","4","12000000.0000"
"06/11/2010","33","42","6","34","13","25","3","36000000.0000"
"06/08/2010","48","12","54","28","18","6","3","26000000.0000"
"06/04/2010","17","50","12","15","13","23","4","17000000.0000"
"06/01/2010","12","27","51","44","45","30","2","12000000.0000"
"05/28/2010","29","20","39","3","11","26","4","12000000.0000"
"05/25/2010","14","24","5","19","17","25","4","64000000.0000"
"05/21/2010","30","23","15","20","26","17","3","54000000.0000"
"05/18/2010","11","37","13","40","19","26","4","42000000.0000"
"05/14/2010","47","21","56","40","20","12","4","31000000.0000"
"05/11/2010","26","54","43","33","46","9","4","19000000.0000"
"05/07/2010","7","50","2","20","34","40","3","12000000.0000"
"05/04/2010","21","9","36","43","31","8","3","266000000.0000"
"04/30/2010","41","14","20","47","53","40","4","224000000.0000"
"04/27/2010","50","41","37","23","55","6","2","191000000.0000"
"04/23/2010","52","26","28","37","19","18","4","166000000.0000"
"04/20/2010","10","34","8","5","42","25","4","143000000.0000"
"04/16/2010","48","50","10","31","16","44","3","122000000.0000"
"04/13/2010","47","39","12","3","27","32","4","105000000.0000"
"04/09/2010","39","15","18","48","53","3","4","90000000.0000"
"04/06/2010","52","43","16","44","56","26","4","76000000.0000"
"04/02/2010","22","2","30","31","17","19","4","63000000.0000"
"03/30/2010","11","24","44","38","1","41","3","51000000.0000"
"03/26/2010","47","46","23","52","41","22","4","40000000.0000"
"03/23/2010","3","25","40","29","28","13","4","29000000.0000"
"03/19/2010","50","31","10","45","54","25","4","20000000.0000"
"03/16/2010","48","22","56","52","3","13","4","12000000.0000"
"03/12/2010","53","2","48","25","15","41","3","20000000.0000"
"03/09/2010","18","19","16","29","14","16","2","12000000.0000"
"03/05/2010","11","34","44","31","52","32","4","133000000.0000"
"03/02/2010","48","47","9","12","56","25","3","112000000.0000"
"02/26/2010","4","14","29","54","56","40","3","99000000.0000"
"02/23/2010","40","4","16","53","36","18","4","83000000.0000"
"02/19/2010","42","46","39","1","22","36","4","68000000.0000"
"02/16/2010","45","12","21","29","11","5","3","56000000.0000"
"02/12/2010","17","47","16","14","33","23","4","44000000.0000"
"02/09/2010","48","17","26","2","20","12","4","32000000.0000"
"02/05/2010","10","53","20","51","45","41","4","20000000.0000"
"02/02/2010","6","49","7","27","26","9","4","12000000.0000"

"Every effort has been made to ensure that the winning numbers posted in this file are accurate; however, no valid claim may be based on information contained herein.  In the event of a discrepancy between the numbers posted in this file and the official winning numbers, the official winning numbers as certified by the Multi-State Lottery Association and/or the NCEL shall control. "
